,Nifty50,SP500,USDINR,US_Bond_Yield,India_Bond_Yield,Nifty50_MA50,SP500_MA50,Nifty50_MA200,SP500_MA200,Nifty50_Volatility,SP500_Volatility
2025-01-01,,,,,6.758,,,,,,
2025-01-02,,,,4.57,6.758,,,,,,
2025-01-03,,,,4.6,6.758,,,,,,
2025-01-06,,,,4.62,6.758,,,,,,
2025-01-07,,,,4.67,6.758,,,,,,
2025-01-08,,,,4.67,6.758,,,,,,
2025-01-09,,,,4.68,6.758,,,,,,
2025-01-10,,,,4.77,6.758,,,,,,
2025-01-13,,,,4.79,6.758,,,,,,
2025-01-14,,,,4.78,6.758,,,,,,
2025-01-15,,,,4.66,6.758,,,,,,
2025-01-16,,,,4.61,6.758,,,,,,
2025-01-17,,,,4.61,6.758,,,,,,
2025-01-20,,,,4.61,6.758,,,,,,
2025-01-21,,,,4.57,6.758,,,,,,
2025-01-22,,,,4.6,6.758,,,,,,
2025-01-23,,,,4.65,6.758,,,,,,
2025-01-24,,,,4.63,6.758,,,,,,
2025-01-27,,,,4.53,6.758,,,,,,
2025-01-28,,,,4.55,6.758,,,,,,
2025-01-29,,,,4.55,6.758,,,,,,
2025-01-30,,,,4.52,6.758,,,,,,
2025-01-31,,,,4.58,6.758,,,,,,
2025-02-03,,,,4.54,6.7325,,,,,,
2025-02-04,,,,4.52,6.7325,,,,,,
2025-02-05,,,,4.43,6.7325,,,,,,
2025-02-06,,,,4.45,6.7325,,,,,,
2025-02-07,,,,4.49,6.7325,,,,,,
2025-02-10,,,,4.51,6.7325,,,,,,
2025-02-11,,,,4.54,6.7325,,,,,,
2025-02-12,,,,4.62,6.7325,,,,,,
2025-02-13,,,,4.52,6.7325,,,,,,
2025-02-14,,,,4.47,6.7325,,,,,,
2025-02-17,,,,4.47,6.7325,,,,,,
2025-02-18,,,,4.55,6.7325,,,,,,
2025-02-19,,,,4.53,6.7325,,,,,,
2025-02-20,,,,4.5,6.7325,,,,,,
2025-02-21,,,,4.42,6.7325,,,,,,
2025-02-24,,,,4.4,6.7325,,,,,,
2025-02-25,,,,4.3,6.7325,,,,,,
2025-02-26,,,,4.25,6.7325,,,,,,
2025-02-27,,,,4.29,6.7325,,,,,,
2025-02-28,,,,4.24,6.7325,,,,,,
2025-03-03,,,,4.16,6.6825,,,,,,
2025-03-04,,,,4.22,6.6825,,,,,,
2025-03-05,,,,4.28,6.6825,,,,,,
2025-03-06,,,,4.29,6.6825,,,,,,
2025-03-07,,,,4.32,6.6825,,,,,,
2025-03-10,,,,4.22,6.6825,,,,,,
2025-03-11,,,,4.28,6.6825,,,,,,
2025-03-12,,,,4.32,6.6825,,,,,,
2025-03-13,,,,4.27,6.6825,,,,,,
2025-03-14,,,,4.31,6.6825,,,,,,
2025-03-17,,,,4.31,6.6825,,,,,,
2025-03-18,,,,4.29,6.6825,,,,,,
2025-03-19,,,,4.25,6.6825,,,,,,
2025-03-20,23190.650390625,,86.33709716796875,4.24,6.6825,,,,,,
2025-03-21,23350.400390625,5667.56005859375,86.33609771728516,4.25,6.6825,,,,,,
2025-03-24,23658.349609375,5767.56982421875,85.98699951171875,4.34,6.6825,,,,,,
2025-03-25,23668.650390625,5776.64990234375,85.53209686279297,4.31,6.6825,,,,,,
2025-03-26,23486.849609375,5712.2001953125,85.59040069580078,4.35,6.6825,,,,,,
2025-03-27,23591.94921875,5693.31005859375,86.09539794921875,4.38,6.6825,,,,,,
2025-03-28,23519.349609375,5580.93994140625,85.69490051269531,4.27,6.6825,,,,,,
2025-03-31,23519.349609375,5611.85009765625,85.53880310058594,4.23,6.6825,,,,,,
2025-04-01,23165.69921875,5633.06982421875,85.46810150146484,4.17,6.455,,,,,,
2025-04-02,23332.349609375,5670.97021484375,85.61009979248047,4.2,6.455,,,,,,
2025-04-03,23250.099609375,5396.52001953125,85.65119934082031,4.06,6.455,,,,,,
2025-04-04,22904.44921875,5074.080078125,85.28289794921875,4.01,6.455,,,,,,
2025-04-07,22161.599609375,5062.25,85.529296875,4.15,6.455,,,,,,
2025-04-08,22535.849609375,4982.77001953125,86.0270004272461,4.26,6.455,,,,,,
2025-04-09,22399.150390625,5456.89990234375,86.435302734375,4.34,6.455,,,,,,
2025-04-10,22399.150390625,5268.0498046875,86.20929718017578,4.4,6.455,,,,,,
2025-04-11,22828.55078125,5363.35986328125,86.2603988647461,4.48,6.455,,,,,,
2025-04-14,22828.55078125,5405.97021484375,86.19300079345703,4.38,6.455,,,,,,
2025-04-15,23328.55078125,5396.6298828125,86.0447998046875,4.35,6.455,,,,,,
2025-04-16,23437.19921875,5275.7001953125,85.72669982910156,4.29,6.455,,,,,,
2025-04-17,23851.650390625,5282.7001953125,85.62049865722656,4.34,6.455,,,,,,
2025-04-18,23851.650390625,5282.7001953125,85.62049865722656,4.34,6.455,,,,,,
2025-04-21,24125.55078125,5158.2001953125,85.62049865722656,4.42,6.455,,,,,,
2025-04-22,24167.25,5287.759765625,85.15889739990234,4.41,6.455,,,,,,
2025-04-23,24328.94921875,5375.85986328125,85.2323989868164,4.4,6.455,,,,,,
2025-04-24,24246.69921875,5484.77001953125,85.4999008178711,4.32,6.455,,,,,,
2025-04-25,24039.349609375,5525.2099609375,85.2573013305664,4.29,6.455,,,,,,
2025-04-28,24328.5,5528.75,85.38490295410156,4.23,6.455,,,,,,
2025-04-29,24335.94921875,5560.830078125,85.1603012084961,4.19,6.455,,,,,,
2025-04-30,24334.19921875,5569.06005859375,85.1707992553711,4.17,6.455,,,,,629.5881220472651,
2025-05-01,24334.19921875,5604.14013671875,84.53119659423828,4.25,6.272,,,,,646.3478144107972,214.4228581487584
2025-05-02,24346.69921875,5686.669921875,84.69670104980469,4.33,6.272,,,,,663.2219875381804,215.12317523667338
2025-05-05,24461.150390625,5650.3798828125,84.52629852294922,4.36,6.272,,,,,683.8878627863221,210.1488209118856
2025-05-06,24379.599609375,5606.91015625,84.2208023071289,4.3,6.272,,,,,699.5519150136488,203.08563662518404
2025-05-07,24414.400390625,5631.27978515625,84.79319763183594,4.26,6.272,,,,,714.9802269105688,199.8520363639051
2025-05-08,24273.80078125,5663.93994140625,84.81719970703125,4.37,6.272,,,,,724.6679336515797,198.62090697904446
2025-05-09,24008.0,5659.91015625,86.08219909667969,4.37,6.272,,,,,727.1720557330586,201.11648202745445
2025-05-12,24924.69921875,5844.18994140625,85.4083023071289,4.45,6.272,,,,,761.9705763361529,212.18795274755632
2025-05-13,24578.349609375,5886.5498046875,84.9656982421875,4.49,6.272,,,,,770.7231527020747,224.566580030926
2025-05-14,24666.900390625,5892.580078125,85.060302734375,4.53,6.272,,,,,783.7203088251978,235.31151353076118
2025-05-15,25062.099609375,5916.93017578125,85.48760223388672,4.45,6.272,,,,,809.1039766559642,249.08520440240122
2025-05-16,25019.80078125,5958.3798828125,85.44490051269531,4.43,6.272,,,,,814.8634185473247,251.7629133820635
2025-05-19,24945.44921875,5963.60009765625,85.50029754638672,4.46,6.272,,,,,763.0122325204059,250.3919167587048
2025-05-20,24683.900390625,5940.4599609375,85.37210083007812,4.48,6.272,,,,,717.7947825293463,237.75891845190907
2025-05-21,24813.44921875,5844.60986328125,85.53610229492188,4.58,6.272,,,,,653.2347049437108,241.84811528392945
2025-05-22,24609.69921875,5842.009765625,85.60030364990234,4.54,6.272,,,,,564.2602681709094,238.68449229635124
2025-05-23,24853.150390625,5802.81982421875,85.97489929199219,4.51,6.272,,,,,506.2554487070474,236.94901321897333
2025-05-26,25001.150390625,5802.81982421875,85.19930267333984,4.51,6.272,,,,,436.1956402573068,235.79872259215097
2025-05-27,24826.19921875,5921.5400390625,85.158203125,4.43,6.272,,,,,393.9793137084764,237.28766466364848
2025-05-28,24752.44921875,5888.5498046875,85.3604965209961,4.47,6.272,23942.4328515625,,,,348.9575928505103,230.3771404104952
2025-05-29,24833.599609375,5912.169921875,85.38590240478516,4.43,6.272,23975.2918359375,5595.452587890625,,,333.14824042061366,222.53079676905682
2025-05-30,24750.69921875,5911.68994140625,85.36129760742188,4.41,6.272,24003.2978125,5600.335185546875,,,310.8064441696966,212.24690005944868
2025-06-02,24716.599609375,5935.93994140625,85.52429962158203,4.46,6.3075,24024.4628125,5603.702587890625,,,301.69089008091026,188.6107711864158
2025-06-03,24542.5,5970.3701171875,85.36370086669922,4.46,6.3075,24041.9398046875,5607.5769921875,,,292.13464378094255,173.12549011638572
2025-06-04,24620.19921875,5970.81005859375,85.70880126953125,4.37,6.3075,24064.606796875,5612.749189453125,,,288.3043211776055,161.34739717050576
2025-06-05,24750.900390625,5939.2998046875,85.9041976928711,4.4,6.3075,24087.7858203125,5617.668984375,,,282.2267331266477,153.90953595819104
2025-06-06,25003.05078125,6000.35986328125,85.87750244140625,4.51,6.3075,24117.45984375,5626.0573828125,,,269.97632835312646,149.64027936367907
2025-06-09,25103.19921875,6005.8798828125,85.7853012084961,4.49,6.3075,24149.1368359375,5633.937978515625,,,276.22612468681626,143.93640838320715
2025-06-10,25104.25,6038.81005859375,85.75599670410156,4.47,6.3075,24187.9078515625,5642.052783203125,,,280.2657549796603,139.9533727270328
2025-06-11,25141.400390625,6022.240234375,85.65280151367188,4.41,6.3075,24224.0888671875,5649.07818359375,,,283.6094336751761,133.7890404844267
2025-06-12,24888.19921875,6045.259765625,85.46980285644531,4.36,6.3075,24256.850859375,5662.052978515625,,,275.72542712976366,129.17929471707853
2025-06-13,24718.599609375,5976.97021484375,85.68840026855469,4.41,6.3075,24293.1338671875,5680.11078125,,,265.807723186208,125.65039686890088
2025-06-16,24946.5,6033.10986328125,86.24919891357422,4.46,6.3075,24348.831875,5699.527978515625,,,262.48054971054444,120.69930031845134
2025-06-17,24853.400390625,5982.72021484375,86.10420227050781,4.39,6.3075,24395.182890625,5719.526982421875,,,252.5952769534332,108.75058112444134
2025-06-18,24812.05078125,5980.8701171875,86.36270141601562,4.38,6.3075,24443.4408984375,5730.00638671875,,,242.98753402626394,96.20976864310043
2025-06-19,24793.25,5980.8701171875,86.61360168457031,4.38,6.3075,24491.322890625,5744.26279296875,,,222.3068671005874,83.90596042655967
2025-06-20,25112.400390625,5967.83984375,86.58380126953125,4.38,6.3075,24536.9998828125,5756.352392578125,,,170.09436187483595,66.96807848338997
2025-06-23,24971.900390625,6025.169921875,86.5802993774414,4.34,6.3075,24579.866875,5768.73638671875,,,171.04772450684337,66.248706197883
2025-06-24,25044.349609375,6092.18017578125,86.23300170898438,4.3,6.3075,24614.1828515625,5782.647392578125,,,166.70944619454622,70.45664436618563
2025-06-25,25244.75,6092.16015625,85.90480041503906,4.29,6.3075,24650.3338671875,5798.976591796875,,,176.17983420684322,73.96531317751159
2025-06-26,25549.0,6141.02001953125,86.006103515625,4.26,6.3075,24684.280859375,5816.14298828125,,,211.9508336004284,80.60031088773721
2025-06-27,25637.80078125,6173.06982421875,85.66639709472656,4.29,6.3075,24720.0038671875,5833.950380859375,,,250.50220966941941,88.96505408786648
2025-06-30,25517.05078125,6204.9501953125,85.4552993774414,4.24,6.3075,24747.8338671875,5854.885380859375,,,273.15550916666416,98.44561593257369
2025-07-01,25541.80078125,6198.009765625,85.71399688720703,4.26,6.35,24775.3248828125,5873.090380859375,,,289.8333041505187,105.70107893042359
2025-07-02,25453.400390625,6227.419921875,85.6427993774414,4.3,6.35,24797.81390625,5890.12158203125,,,301.35299999506736,110.5236507757237
2025-07-03,25405.30078125,6279.35009765625,85.69409942626953,4.35,6.35,24820.9859375,5906.01318359375,,,301.7584503324551,117.21103059312577
2025-07-04,25461.0,6279.35009765625,85.31909942626953,4.35,6.35,24849.4189453125,5921.095986328125,,,310.7003684183016,119.3872396634036
2025-07-07,25461.30078125,6229.97998046875,85.49629974365234,4.4,6.35,24872.0749609375,5935.1205859375,,,320.1074796023658,116.37847489805345
2025-07-08,25522.5,6225.52001953125,85.89199829101562,4.42,6.35,24895.8059765625,5948.414384765625,,,328.3161218412227,118.24282970957739
2025-07-09,25476.099609375,6263.259765625,85.7073974609375,4.34,6.35,24918.643984375,5962.29837890625,,,330.3694320156589,119.53919181816048
2025-07-10,25355.25,6280.4599609375,85.70850372314453,4.35,6.35,24939.065,5975.824775390625,,,329.633321539835,121.64071885413206
2025-07-11,25149.849609375,6259.75,85.73480224609375,4.43,6.35,24955.1280078125,5987.286376953125,,,322.32872580521996,121.38598404016624
2025-07-14,25082.30078125,6268.56005859375,85.82129669189453,4.43,6.35,24967.551015625,5999.64998046875,,,312.93649070809016,121.63200478022092
2025-07-15,25195.80078125,6243.759765625,85.96839904785156,4.5,6.35,24983.8750390625,6012.38697265625,,,291.787646822795,121.42419679364158
2025-07-16,25212.05078125,6263.7001953125,85.99310302734375,4.46,6.35,24999.828046875,6025.035380859375,,,273.1740811352289,121.26383434675499
2025-07-17,25111.44921875,6297.35986328125,85.88520050048828,4.47,6.35,25016.581015625,6037.703779296875,,,261.14633803907043,120.0665288779638
2025-07-18,24968.400390625,6296.7900390625,86.04650115966797,4.44,6.35,25035.7890234375,6050.441376953125,,,262.1023902678642,120.71484242492448
2025-07-21,25090.69921875,6305.60009765625,86.14859771728516,4.38,6.35,25039.1090234375,6059.669580078125,,,262.26240209072927,121.13064893440279
2025-07-22,25060.900390625,6309.6201171875,86.19529724121094,4.35,6.35,25048.7600390625,6068.130986328125,,,262.89301269594233,122.19228319008194
2025-07-23,25219.900390625,6358.91015625,86.3427963256836,4.4,6.35,25059.8200390625,6077.457587890625,,,262.7562063269668,124.08414347866363
2025-07-24,25062.099609375,6363.35009765625,86.39869689941406,4.43,6.35,25059.8200390625,6086.385986328125,,,257.6168984566451,126.09076690444253
2025-07-25,24837.0,6388.64013671875,86.4302978515625,4.4,6.35,25056.1640234375,6094.99119140625,,,250.78751637753905,124.87138874420465
2025-07-28,24680.900390625,6389.77001953125,86.506103515625,4.42,6.35,25050.873046875,6103.51458984375,,,264.53836397867167,125.3678358381539
2025-07-29,24821.099609375,6370.85986328125,86.77760314941406,4.34,6.35,25053.61703125,6112.122587890625,,,266.0428658760988,120.79937570442378
2025-07-30,24855.05078125,6362.89990234375,87.06320190429688,4.38,6.35,25054.4490625,6122.488388671875,,,264.0163509801258,114.09716034640772
2025-07-31,24768.349609375,6339.39013671875,87.714599609375,4.37,6.35,25057.6220703125,6132.43599609375,,,265.36346773038224,104.61786312183338
2025-08-01,24565.349609375,6238.009765625,87.4894027709961,4.23,6.522,25051.8660546875,6141.139794921875,,,289.0231622441342,90.1190371482018
2025-08-04,24722.75,6329.93994140625,87.24530029296875,4.22,6.522,25046.298046875,6151.682197265625,,,298.55492813336406,79.39524714851667
2025-08-05,24649.55078125,6299.18994140625,87.89330291748047,4.22,6.522,25042.765078125,6159.2351953125,,,312.6143432843933,72.15215343726553
2025-08-06,24574.19921875,6345.06005859375,87.72309875488281,4.22,6.522,25039.200078125,6168.365400390625,,,329.55958727829955,64.2734902620618
2025-08-07,24596.150390625,6340.0,87.76249694824219,4.23,6.522,25034.45109375,6176.922001953125,,,334.0307644324671,59.013318115877105
2025-08-08,24363.30078125,6389.4501953125,87.43319702148438,4.27,6.522,25026.703125,6186.47720703125,,,344.4022515823457,57.290042196185944
2025-08-11,24585.05078125,6373.4501953125,87.48829650878906,4.27,6.522,25024.0721484375,6195.227412109375,,,343.7276444306619,56.06962600262476
2025-08-12,24487.400390625,6445.759765625,87.66449737548828,4.29,6.522,25022.97015625,6204.735205078125,,,343.31711567409405,58.14042474962658
2025-08-13,24619.349609375,6466.580078125,87.59559631347656,4.24,6.522,25022.9531640625,6214.65060546875,,,338.49761391497196,62.36193358495866
2025-08-14,24631.30078125,6468.5400390625,87.44999694824219,4.29,6.522,25020.561171875,6225.23541015625,,,333.2647521892709,67.45252623996157
2025-08-15,24631.30078125,6449.7998046875,87.69180297851562,4.33,6.522,25013.126171875,6234.224208984375,,,322.7602904734045,70.45998517904155
2025-08-18,24876.94921875,6449.14990234375,87.51280212402344,4.34,6.522,25008.601171875,6243.089609375,,,305.638877097127,70.86428236912492
2025-08-19,24980.650390625,6411.3701171875,87.29509735107422,4.3,6.522,25006.1291796875,6250.540810546875,,,282.2341143771241,68.65113092875012
2025-08-20,25050.55078125,6395.77978515625,87.0791015625,4.29,6.522,25004.3121875,6258.0116015625,,,260.82988275985997,67.42055585690035
2025-08-21,25083.75,6370.169921875,87.01820373535156,4.33,6.522,25008.223203125,6264.5098046875,,,247.42527373408424,66.20610044799517
2025-08-22,24870.099609375,6466.91015625,87.29340362548828,4.26,6.522,25011.253203125,6274.308603515625,,,240.96559998450817,66.93973722304689
2025-08-25,24967.75,6439.31982421875,87.3301010131836,4.28,6.522,25011.678203125,6282.432802734375,,,237.9112641978353,66.15652471367292
2025-08-26,24712.05078125,6465.93994140625,87.60859680175781,4.26,6.522,25008.8512109375,6292.097197265625,,,229.0509191468883,64.45654636538933
2025-08-27,24712.05078125,6481.39990234375,87.60070037841797,4.24,6.522,25006.8512109375,6302.10779296875,,,217.58296702253023,63.97468541966494
2025-08-28,24500.900390625,6501.85986328125,87.65910339355469,4.22,6.522,25001.00421875,6312.527587890625,,,216.49940968716263,65.70405001753167
2025-08-29,24426.849609375,6460.259765625,87.5916976928711,4.23,6.522,24987.293203125,6322.375986328125,,,223.14076222248042,64.72589559793383
2025-09-01,24625.05078125,6460.259765625,88.17430114746094,4.23,6.585,24980.3562109375,6331.077783203125,,,215.90987343681536,63.7115990651498
2025-09-02,24579.599609375,6415.5400390625,88.00140380859375,4.28,6.585,24971.0612109375,6337.54498046875,,,209.9062971828794,61.55949969099024
2025-09-03,24715.05078125,6448.259765625,87.99829864501953,4.22,6.585,24960.4672265625,6344.66697265625,,,188.89393754585717,61.601718536357275
2025-09-04,24734.30078125,6502.080078125,88.072998046875,4.17,6.585,24944.1732421875,6351.888173828125,,,177.4607823271158,63.60173427454748
2025-09-05,24741.0,6481.5,88.19290161132812,4.1,6.585,24926.2372265625,6358.05677734375,,,175.90299772596128,64.83175337597193
2025-09-08,24773.150390625,6495.14990234375,88.1863021850586,4.05,6.585,24911.35921875,6363.860771484375,,,176.28652140454446,66.42383495289891
2025-09-09,24868.599609375,6512.60986328125,87.98049926757812,4.08,6.585,24897.8951953125,6370.1527734375,,,177.55233955836948,68.16057703386072
2025-09-10,24973.099609375,6532.0400390625,88.21829986572266,4.04,6.585,24888.2891796875,6376.24517578125,,,182.1512665817901,70.22268368969135
2025-09-11,25005.5,6587.47021484375,88.05339813232422,4.01,6.585,24880.2931640625,6382.407578125,,,189.63508331563673,74.18800891793411
2025-09-12,25114.0,6584.2900390625,88.2676010131836,4.06,6.585,24873.3531640625,6388.506376953125,,,200.28764982618435,69.41234129669378
2025-09-15,25069.19921875,6615.27978515625,88.27729797363281,4.05,6.585,24865.5111328125,6396.212373046875,,,209.10940199373172,72.49320188450388
2025-09-16,25239.099609375,6606.759765625,88.12349700927734,4.04,6.585,24859.843125,6403.83716796875,,,226.28334719452337,71.4171766821714
2025-09-17,25330.25,6600.35009765625,87.88459777832031,4.06,6.585,24856.9261328125,6410.578974609375,,,245.02221007215743,71.79201713771394
2025-09-18,25423.599609375,6631.9599609375,87.91069793701172,4.11,6.585,24858.293125,6417.608974609375,,,267.3676135651792,72.7951090579901
2025-09-19,25327.05078125,6664.35986328125,88.20690155029297,4.14,6.585,24861.8371484375,6425.701171875,,,268.1230694752551,77.6690276911425
2025-09-22,25202.349609375,6693.75,88.09919738769531,4.15,6.585,24864.238125,6434.204970703125,,,270.35731358547434,82.55706894303758
2025-09-23,25169.5,6656.919921875,88.30439758300781,4.12,6.585,24863.712109375,6442.468173828125,,,265.20607549316486,86.37906359875147
2025-09-24,25056.900390625,6637.97021484375,88.80799865722656,4.16,6.585,24860.6091015625,6449.95357421875,,,261.33003330439186,89.0005732421421
2025-09-25,24890.849609375,6604.72021484375,88.77860260009766,4.18,6.585,24856.197109375,6456.10078125,,,255.92111194125198,89.95183195608402
2025-09-26,24654.69921875,6643.7001953125,88.77310180664062,4.2,6.585,24849.9230859375,6463.038984375,,,255.0397014188687,91.62682706979679
2025-09-29,24634.900390625,6661.2099609375,88.67680358886719,4.15,6.585,24840.807109375,6470.151181640625,,,260.3041400142543,93.55446460968372
2025-09-30,24611.099609375,6688.4599609375,88.70449829101562,4.16,6.585,24831.81109375,6477.727978515625,,,265.74870030775855,94.67029022223515
2025-10-01,24836.30078125,6711.2001953125,88.8406982421875,4.12,6.482,24824.1391015625,6484.773779296875,,,264.49747148334285,95.207635158115
2025-10-02,24836.30078125,6715.35009765625,88.68299865722656,4.1,6.482,24819.623125,6491.813779296875,,,262.2556918493095,93.05169657016387
2025-10-03,24894.25,6715.7900390625,88.72019958496094,4.13,6.482,24820.768125,6498.35677734375,,,262.2400277311254,95.02652586455854
2025-10-06,25077.650390625,6740.27978515625,88.73509979248047,4.18,6.482,24828.703125,6505.36697265625,,,264.1601799526585,96.21227447572232
2025-10-07,25108.30078125,6714.58984375,88.72109985351562,4.14,6.482,24834.4471484375,6512.241572265625,,,264.80070416385644,96.41080789624532
2025-10-08,25046.150390625,6753.72021484375,88.74259948730469,4.13,6.482,24838.269140625,6520.057978515625,,,263.4551165866757,98.4199129395219
2025-10-09,25181.80078125,6735.10986328125,88.7771987915039,4.14,6.482,24846.5381640625,6527.972373046875,,,255.72030495893952,99.50420154052009
2025-10-10,25285.349609375,6552.509765625,88.86540222167969,4.05,6.482,24860.9381640625,6534.262373046875,,,244.3029241564154,96.1158676615006
2025-10-13,25227.349609375,6654.72021484375,88.7573013305664,4.05,6.482,24871.03015625,6540.757978515625,,,239.9566637504435,91.99093186043342
2025-10-14,25145.5,6644.31005859375,88.66510009765625,4.03,6.482,24880.949140625,6547.660380859375,,,228.81801873506296,83.68580186178116
2025-10-15,25323.55078125,6671.06005859375,88.78250122070312,4.05,6.482,24895.936171875,6554.180380859375,,,229.1284321581133,76.96503560823939
2025-10-16,25585.30078125,6629.06982421875,87.80950164794922,3.99,6.482,24915.7191796875,6559.96177734375,,,243.96088349959945,72.86265783180043
2025-10-17,25709.849609375,6664.009765625,87.9906997680664,4.02,6.482,24942.65015625,6565.45296875,,,264.31785839334856,66.71609578028406
2025-10-20,25843.150390625,6735.1298828125,88.0022964477539,4.0,6.482,24967.8121484375,6572.6865625,,,291.35584797444557,62.51322414120916
2025-10-21,25868.599609375,6735.35009765625,87.87999725341797,3.98,6.482,24995.4361328125,6578.478369140625,,,317.3629360874858,58.490304507071656
2025-10-22,25868.599609375,6699.39990234375,88.00160217285156,3.97,6.482,25020.4211328125,6583.134765625,,,340.83973742594844,53.7120011900861
2025-10-23,25891.400390625,6738.43994140625,87.74030303955078,4.01,6.482,25045.623125,6588.532763671875,,,362.3960753602869,53.27200902571719
2025-10-24,25795.150390625,6791.68994140625,87.77899932861328,4.02,6.482,25068.9001171875,6595.37056640625,,,376.8916747055568,55.18961311852571
2025-10-27,25966.05078125,6875.16015625,87.8290023803711,4.01,6.482,25090.6821484375,6603.890771484375,,,398.03314275433223,64.75064942492713
2025-10-28,25936.19921875,6890.89013671875,88.22209930419922,3.99,6.482,25109.793125,6613.481171875,,,416.2376852390761,73.071057874745
2025-10-29,26053.900390625,6890.58984375,88.22550201416016,4.08,6.482,25129.8601171875,6623.377373046875,,,438.9437787673349,79.06958578683259
2025-10-30,25877.849609375,6822.33984375,88.34559631347656,4.11,6.482,25145.742109375,6632.420771484375,,,450.4999213344501,80.65305056877523
2025-10-31,25722.099609375,6840.2001953125,88.6344985961914,4.11,6.482,25162.782109375,6639.886572265625,,,456.1431634790393,83.48201359764249
2025-11-03,25763.349609375,6851.97021484375,88.77539825439453,4.13,6.5375,25178.6941015625,6648.139580078125,,,461.6291203132759,86.89569350776684
2025-11-04,25597.650390625,6771.5498046875,88.72339630126953,4.1,6.5375,25196.40609375,6654.25177734375,,,462.08860844315177,86.44551132843031
2025-11-05,25597.650390625,6796.2900390625,88.73200225830078,4.17,6.5375,25214.1180859375,6660.549580078125,,,459.73919383177383,85.7145891779178
2025-11-06,25509.69921875,6720.31982421875,88.55690002441406,4.11,6.5375,25234.2940625,6664.918779296875,,,450.1515472815702,82.3610380093725
2025-11-07,25492.30078125,6728.7998046875,88.6729965209961,4.11,6.5375,25255.6030859375,6670.289580078125,,,426.73600339340544,80.54838970644988
2025-11-10,25574.349609375,6832.43017578125,88.65799713134766,4.13,6.5375,25274.5890625,6677.73298828125,,,398.9634242092029,80.98573455063872
2025-11-11,25694.94921875,6846.60986328125,88.70709991455078,4.13,6.5375,25296.8960546875,6686.354384765625,,,365.803715716876,82.40147802992944
2025-11-12,25875.80078125,6850.919921875,88.46649932861328,4.08,6.5375,25320.1110546875,6694.407587890625,,,348.5805932696235,84.12401909746424
2025-11-13,25879.150390625,6737.490234375,88.59400177001953,4.11,6.5375,25343.008046875,6699.115791015625,,,326.7862317904097,83.87344998791819
2025-11-14,25910.05078125,6734.10986328125,88.81610107421875,4.14,6.5375,25366.3890625,6704.16798828125,,,305.22183153292025,83.64935556585576
2025-11-17,26013.44921875,6672.41015625,88.68199920654297,4.13,6.5375,25391.1950390625,6707.713193359375,,,296.243746272871,84.96770649738677
2025-11-18,25910.05078125,6617.31982421875,88.63590240478516,4.12,6.5375,25412.0240625,6709.807392578125,,,281.99539075468994,88.26431268348325
2025-11-19,26052.650390625,6642.16015625,88.55680084228516,4.13,6.5375,25433.615078125,6712.009794921875,,,264.34555556430286,90.40297110013117
2025-11-20,26192.150390625,6538.759765625,88.48719787597656,4.1,6.5375,25457.3480859375,6711.0355859375,,,259.69750504641775,97.98891741257096
2025-11-21,26068.150390625,6602.990234375,88.69219970703125,4.06,6.5375,25476.43109375,6711.40958984375,,,251.77396725509422,95.06221065848769
2025-11-24,25959.5,6705.1201171875,89.63400268554688,4.04,6.5375,25494.237109375,6713.206396484375,,,232.63153363147526,93.92553550653804
2025-11-25,25884.80078125,6765.8798828125,89.14779663085938,4.01,6.5375,25507.1511328125,6716.388798828125,,,198.77840477191054,92.145982198643
2025-11-26,26205.30078125,6812.60986328125,89.15059661865234,4.0,6.5375,25524.6521484375,6720.633994140625,,,188.70567478075915,91.7670183790832
2025-11-27,26215.55078125,6812.60986328125,89.16300201416016,4.0,6.5375,25540.491171875,6724.2469921875,,,194.00010498409236,89.42302024633113
2025-11-28,26202.94921875,6849.08984375,89.36479949951172,4.02,6.5375,25558.009140625,6727.941591796875,,,201.21658886585513,89.13805136542291
2025-12-01,26175.75,6812.6298828125,89.3499984741211,4.09,6.6325,25577.4771484375,6730.319189453125,,,208.11793071750904,89.40649044293907
2025-12-02,26032.19921875,6829.3701171875,89.61270141601562,4.09,6.6325,25594.7311328125,6733.768193359375,,,209.6259892150445,89.93395524029307
2025-12-03,25986.0,6849.72021484375,89.91719818115234,4.06,6.6325,25613.313125,6738.003193359375,,,210.167049979373,90.09038276249278
2025-12-04,26033.75,6857.1201171875,90.17050170898438,4.11,6.6325,25636.1711328125,6743.05119140625,,,211.5405332290813,91.05968769429934
2025-12-05,26186.44921875,6870.39990234375,89.8364028930664,4.14,6.6325,25666.8061328125,6747.585185546875,,,216.4791280927377,92.57987069177125
2025-12-08,25960.55078125,6846.509765625,89.93800354003906,4.17,6.6325,25693.319140625,6751.291181640625,,,216.44022557935034,91.71806245154526
2025-12-09,25839.650390625,6840.509765625,90.12999725341795,4.18,6.6325,25717.89015625,6754.332177734375,,,216.89005583201725,90.063470824838
2025-12-10,25758.0,6886.68017578125,89.91690063476562,4.13,6.6325,25736.324140625,6757.84177734375,,,217.11143895257325,89.89805221431847
2025-12-11,25898.55078125,6901.0,89.79299926757812,4.14,6.6325,25757.569140625,6761.554775390625,,,217.05267161611013,92.34475645957363
2025-12-12,26046.94921875,6827.41015625,90.25299835205078,4.19,6.6325,25780.623125,6763.787177734375,,,215.63882365735333,92.09016935755382
2025-12-15,26027.30078125,6816.509765625,90.5770034790039,4.18,6.6325,25799.6161328125,6765.31177734375,,,214.52506058447375,91.3640355329907
2025-12-16,25860.099609375,6800.259765625,90.7769012451172,4.15,6.6325,25814.652109375,6767.02517578125,,,205.84725073535247,91.43171931685005
2025-12-17,25818.55078125,6721.43017578125,90.94889831542967,4.16,6.6325,25830.1001171875,6766.379375,,,197.1382070985729,91.99539646708205
2025-12-18,25815.55078125,6774.759765625,90.4136962890625,4.12,6.6325,25842.7751171875,6767.172373046875,,,181.27261556777864,91.36048617948502
2025-12-19,25966.400390625,6834.5,90.25579833984376,4.16,6.6325,25856.3961328125,6772.812177734375,,,159.09145820183733,91.37780941913455
2025-12-22,26172.400390625,6878.490234375,89.56999969482422,4.17,6.6325,25875.2971484375,6777.287578125,,,144.8787580610297,92.61593528970707
2025-12-23,26177.150390625,6909.7900390625,89.60389709472656,4.18,6.6325,25895.93015625,6782.597177734375,,,137.81157834698715,94.76994568607248
2025-12-24,26142.099609375,6932.0498046875,89.50789642333984,4.15,6.6325,25912.3011328125,6787.81697265625,24947.46755859375,,137.83489555044716,97.7779152192544
2025-12-25,26142.099609375,6932.0498046875,89.50789642333984,4.15,6.6325,25923.437109375,6793.876572265625,24962.2248046875,6281.553234863281,137.3871039554418,100.632076847975
2025-12-26,26042.30078125,6929.93994140625,90.10590362548828,4.14,6.6325,25930.0861328125,6799.19517578125,24975.684306640625,6287.865134277344,135.79011896395693,102.81954692649077
2025-12-29,25942.099609375,6905.740234375,89.82929992675781,4.12,6.6325,25932.0651171875,6802.6073828125,24987.103056640626,6293.555986328125,136.6435114893095,101.46867671667016
2025-12-30,25938.849609375,6896.240234375,89.9000015258789,4.14,6.6325,25933.4701171875,6805.825185546875,24998.454052734374,6299.1539379882815,135.9158125472993,95.81519454714659
2025-12-31,26129.599609375,6845.5,89.76940155029297,4.18,6.6325,25938.6901171875,6808.7471875,25011.667802734373,6304.820437011719,137.1798565160705,89.85055353507644
2026-01-01,26146.55078125,6845.5,89.76940155029297,4.18,6.732,25943.793125,6810.888388671875,25024.440810546876,6310.58138671875,135.53370830696153,71.61717662162108
2026-01-02,26328.55078125,6858.47021484375,89.96189880371094,4.19,6.732,25954.4611328125,6812.223994140625,25038.48681640625,6316.969038085937,146.25159699593726,56.49714991676315
2026-01-05,26250.30078125,6902.0498046875,90.00700378417969,4.17,6.732,25960.1461328125,6812.761787109375,25052.141572265624,6323.4200366210935,150.6779788764398,50.851102829278496
2026-01-06,26178.69921875,6944.81982421875,90.23300170898438,4.18,6.732,25964.9961328125,6813.840380859375,25067.206572265626,6329.978786621094,149.50579514049113,50.95698953155357
2026-01-07,26140.75,6920.93017578125,90.16609954833984,4.15,6.732,25966.733125,6814.4471875,25081.24857421875,6336.228586425781,147.70699513486764,51.504248748133634
2026-01-08,25876.849609375,6921.4599609375,89.8644027709961,4.19,6.732,25966.713125,6816.42958984375,25094.38232421875,6343.853286132812,147.70790887654854,51.80590679384782
2026-01-09,25683.30078125,6966.27978515625,89.90540313720703,4.18,6.732,25965.9371484375,6818.951181640625,25108.27658203125,6353.314284667968,158.11180040222882,54.91348987577957
2026-01-12,25790.25,6977.27001953125,90.23600006103516,4.19,6.732,25966.47515625,6821.457177734375,25126.419833984375,6362.889384765625,160.93007816827273,57.301654907236056
2026-01-13,25732.30078125,6963.740234375,90.13269805908205,4.18,6.732,25969.1681640625,6825.300986328125,25142.40208984375,6372.794235839844,168.65791571432163,58.914264692112795
2026-01-14,25665.599609375,6926.60009765625,90.27300262451172,4.15,6.732,25970.5271484375,6827.9071875,25158.7343359375,6380.142736816406,179.40326229555532,59.28692265747638
2026-01-15,25665.599609375,6944.47021484375,90.18319702148438,4.17,6.732,25973.64515625,6832.3901953125,25175.06658203125,6388.524838867187,188.64095032752581,60.20475729766164
2026-01-16,25694.349609375,6940.009765625,90.36160278320312,4.24,6.732,25977.6861328125,6836.61439453125,25189.395576171875,6396.4080883789065,191.2181266287933,60.99691173563874
2026-01-19,25585.5,6940.009765625,90.7020034790039,4.24,6.732,25977.909140625,6838.765986328125,25203.180322265624,6404.0782861328125,203.14006436710193,61.278297861020775
2026-01-20,25232.5,6796.85986328125,90.90450286865234,4.3,6.732,25968.66015625,6837.770986328125,25212.700068359376,6411.0794360351565,241.0667015581288,62.975901845031295
2026-01-21,25157.5,6875.6201171875,91.11840057373048,4.26,6.732,25954.294140625,6838.264990234375,25221.301572265624,6419.079035644531,277.8238197097611,63.016420611951226
2026-01-22,25289.900390625,6913.35009765625,91.53690338134766,4.26,6.732,25942.509140625,6841.7821875,25228.492822265624,6427.23228515625,299.9054219190115,63.14678663731598
2026-01-23,25048.650390625,6915.60986328125,91.55829620361328,4.24,6.732,25925.2811328125,6845.4121875,25234.477822265624,6435.396833496094,334.99224774292503,62.27232915367068
2026-01-26,25048.650390625,6950.22998046875,91.5009994506836,4.22,6.732,25905.98515625,6850.968583984375,25239.0933203125,6444.356982421875,364.0015530201072,61.53721769521509
2026-01-27,25175.400390625,6978.60009765625,91.71309661865234,4.24,6.732,25891.2921484375,6858.194189453125,25244.134072265624,6452.811184082031,382.53087680283124,60.63011915201664
2026-01-28,25342.75,6978.02978515625,91.5343017578125,4.26,6.732,25877.094140625,6864.91158203125,25249.203076171874,6460.822033691406,391.46344882927525,51.82404093104167
2026-01-29,25418.900390625,6969.009765625,92.04080200195312,4.24,6.732,25861.629140625,6873.51658203125,25255.06408203125,6468.243232421875,396.99998064669586,46.17582964942682
2026-01-30,25320.650390625,6939.02978515625,91.78189849853516,4.26,6.732,25846.679140625,6880.237373046875,25261.4705859375,6475.312331542968,403.44869936142237,43.65451808598276
2026-02-02,25088.400390625,6976.43994140625,91.68699645996094,4.29,6.78333333333333,25829.2571484375,6885.66376953125,25265.270087890625,6482.55078125,412.6280353576544,44.10922519881972
2026-02-03,25727.55078125,6917.81005859375,90.24559783935548,4.28,6.78333333333333,25826.1121484375,6888.702373046875,25272.228095703125,6489.335681152344,403.2290610347747,44.04947449367822
2026-02-04,25776.0,6882.72021484375,90.4228973388672,4.29,6.78333333333333,25817.5261328125,6890.104580078125,25279.437099609375,6495.903981933594,394.76222027207785,44.634491082368605
2026-02-05,25642.80078125,6798.39990234375,90.125,4.21,6.78333333333333,25806.0711328125,6889.820380859375,25285.980107421874,6501.875280761718,385.2520971978975,49.93288030183275
2026-02-06,25693.69921875,6932.2998046875,90.3147964477539,4.22,6.78333333333333,25795.8861328125,6891.484580078125,25292.715107421875,6508.103430175781,378.79824825021956,49.955238656555366
2026-02-09,25867.30078125,6964.81982421875,90.58799743652344,4.22,6.78333333333333,25789.7171484375,6894.52837890625,25299.745859375,6514.675629882812,377.0999087973801,50.638087832177916
2026-02-10,25935.150390625,6941.81005859375,90.8227996826172,4.16,6.78333333333333,25787.776171875,6896.777177734375,25307.52361328125,6521.350129394531,377.0043467970436,50.60268955675689
2026-02-11,25953.849609375,6941.47021484375,90.58789825439452,4.18,6.78333333333333,25787.1331640625,6898.612177734375,25315.220859375,6527.901081542968,370.67902963481,48.666530874149856
2026-02-12,25807.19921875,6832.759765625,90.73570251464844,4.09,6.78333333333333,25782.6021484375,6898.124970703125,25322.8878515625,6533.745180664063,359.98329549108087,49.42594057151188
2026-02-13,25471.099609375,6836.169921875,90.56410217285156,4.04,6.78333333333333,25768.29515625,6897.44037109375,25330.203349609375,6539.626479492187,336.4794023220087,50.594659034442145
2026-02-16,25682.75,6836.169921875,90.57119750976562,4.04,6.78333333333333,25762.739140625,6897.23357421875,25333.993603515624,6544.586379394531,314.3929625726822,52.9100873273157
2026-02-17,25725.400390625,6843.22021484375,90.78299713134766,4.05,6.78333333333333,25760.454140625,6897.287783203125,25339.728857421876,6549.369731445313,295.43527267550525,54.54333784792908
2026-02-18,25819.349609375,6881.31005859375,90.6261978149414,4.09,6.78333333333333,25761.6811328125,6897.180380859375,25345.491103515626,6554.313381347656,279.60360301190826,54.932521889960036
2026-02-19,25454.349609375,6861.89013671875,90.7935028076172,4.08,6.78333333333333,25752.797109375,6896.39818359375,25347.452353515626,6559.038181152344,273.88285603912266,55.80011391050421
2026-02-20,25571.25,6909.509765625,91.04109954833984,4.08,6.78333333333333,25743.283125,6898.04017578125,25350.209599609374,6563.7938305664065,272.7625005787037,54.92411427548246
2026-02-23,25713.0,6837.75,90.72660064697266,4.03,6.78333333333333,25736.997109375,6898.46498046875,25354.047353515623,6568.164580078125,270.7357821437581,55.128642497527885
2026-02-24,25424.650390625,6890.06982421875,91.02010345458984,4.04,6.78333333333333,25728.288125,6900.261181640625,25357.751103515624,6572.912629394531,269.1629333678188,54.17064926471307
2026-02-25,25482.5,6946.1298828125,90.91799926757812,4.05,6.78333333333333,25721.567109375,6904.75517578125,25361.096357421877,6578.420229492188,268.13410006366325,54.55431957906822
2026-02-26,25496.55078125,6908.85986328125,90.95099639892578,4.02,6.78333333333333,25715.187109375,6907.437177734375,25365.530615234376,6583.754479980469,266.89922313206375,54.06732669779004
2026-02-27,25178.650390625,6878.8798828125,91.00740051269533,3.97,6.78333333333333,25699.432109375,6908.324775390625,25367.158115234375,6589.134780273437,271.9479021940691,53.83558287364816
2026-03-02,24865.69921875,6881.6201171875,91.07959747314452,4.05,6.78333333333333,25673.2980859375,6908.387373046875,25366.480859375,6594.528781738281,295.29649801118023,53.48687958290236
2026-03-03,24865.69921875,6816.6298828125,91.56340026855467,4.06,6.78333333333333,25647.0690625,6906.524169921875,25366.678359375,6599.004230957031,312.9790695729448,52.273327764456404
2026-03-04,24480.5,6869.5,92.00859832763672,4.09,6.78333333333333,25613.8370703125,6905.273173828125,25365.31861328125,6603.908981933594,357.4058225832754,52.38844416891071
2026-03-05,24765.900390625,6830.7099609375,92.1230010986328,4.13,6.78333333333333,25586.3130859375,6903.246376953125,25364.9801171875,6608.501682128906,377.51620067035816,53.86860933067307
2026-03-06,24450.44921875,6740.02001953125,91.78690338134766,4.15,6.78333333333333,25554.4760546875,6899.447978515625,25363.4788671875,6612.643332519531,412.4351072771613,60.98618686062263
2026-03-09,24028.05078125,6795.990234375,91.93620300292967,4.12,6.78333333333333,25516.195078125,6897.252978515625,25360.036123046873,6616.943583984375,479.7197775077131,62.42687409490449
2026-03-10,24261.599609375,6781.47998046875,91.220703125,4.15,6.78333333333333,25482.650078125,6894.9577734375,25358.63162109375,6620.999133300781,520.0893322114805,62.85321241236946
2026-03-11,23866.849609375,6775.7998046875,92.16510009765624,4.21,6.78333333333333,25437.395078125,6893.56376953125,25354.864873046874,6625.02408203125,585.8339254077969,62.897391051703934
2026-03-12,23639.150390625,6672.6201171875,92.22879791259766,4.27,6.78333333333333,25387.2470703125,6890.106171875,25349.306123046874,6628.69068359375,658.4217931360457,70.29277121282887
2026-03-13,23151.099609375,6632.18994140625,92.38990020751952,4.28,6.78333333333333,25323.698046875,6885.58056640625,25340.0463671875,6631.849833984375,760.0213275890386,80.57933759708519
2026-03-16,23408.80078125,6699.3798828125,92.5635986328125,4.23,6.78333333333333,25266.868046875,6881.52716796875,25331.574375,6635.317333984375,824.8001401069066,81.9090151634004
2026-03-17,23581.150390625,6716.08984375,92.28269958496094,4.2,6.78333333333333,25214.9170703125,6876.952568359375,25323.958876953126,6638.703732910156,861.3879190618052,83.94623713320297
2026-03-18,23777.80078125,6624.7001953125,92.39129638671876,4.26,6.78333333333333,25167.6580859375,6871.02796875,25317.14087890625,6641.716032714844,879.2131973194773,92.02243699608374
2026-03-19,23002.150390625,6606.490234375,93.24659729003906,4.25,6.78333333333333,25110.1641015625,6864.72857421875,25307.710634765626,6644.522185058594,939.5185773389147,100.52068958993343
2026-03-20,23114.5,6506.47998046875,93.6520004272461,4.25,6.78333333333333,25058.7880859375,6855.532578125,25299.69013671875,6647.169733886719,979.708327699717,113.73264703844856
